{"initial_reset_timestamp": 1571395107.4872801, "timestamps": [1571395151.555872], "episode_lengths": [999], "episode_rewards": [-40.33039660285473], "episode_types": ["t"]}